filename,family,machine_type,num_sections,timestamp,characteristics,imagebase,entrypoint,dll_characteristics,file_size,mean_section_entropy,max_section_entropy,min_section_entropy,mean_section_size,num_imported_dlls,num_imports,imports_cryptsp,imports_advapi32,imports_kernel32,imports_wininet,imports_ws2_32,imports_vssapi,num_exports,file_entropy,parse_error
53bba522663285740d740031f1878f7a4886b582ebcdbddc043afcd0dca70028.dll,Maze,332,4,1593810078,8450,268435456,136512,1344,376832,6.544677582374067,7.963438310567121,5.2690475419392655,93440.0,14,165,0,1,1,1,1,0,0,6.604007625159682,0
1e21459e9db8aafbae60cba51cf64a557e3ab1dd0b37141e6b423b476ee196ac.dll,Maze,332,4,1571086408,8450,8126464,137792,1344,373760,6.5466001670915075,7.966633636594513,5.268052707204704,91136.0,14,166,0,1,1,1,1,0,0,6.515196989166733,0
a0a42285a7368d5ad0f6938e308bacd1cea2f0a4245ffefe9c6df695a3f78e9c.dll,Maze,332,4,1557716359,8450,3538944,129536,1344,364544,6.175231887810979,7.896621581374548,5.210721905746554,87808.0,0,0,0,0,0,0,0,0,0,6.4726706762372945,0
4263eacd358d5ef9efacff1f63ff79487639136c0268938755a4bfe3f5797167.exe,Maze,332,1,1163128424,258,4194304,4096,33024,920552,6.739692216517801,6.739692216517801,6.739692216517801,913408.0,0,0,0,0,0,0,0,0,0,6.704304639105522,0
daa0ac4896cdfdae324b228d5c620fb3ab4a33ff73d991a3587a086c7ffb5e93.exe,Maze,332,4,1558722544,259,4194304,134992,34048,436224,6.190828486547209,7.965089873795565,5.2635777974982485,108800.0,13,160,0,1,1,1,1,0,0,6.746522640632125,0
a201cfc29ea98a499a42ce0def43a1a2394ee980651791d3b46ff258fc03c151.dll,Maze,332,4,1593810078,8450,39976960,136512,1344,385024,6.510688839183081,7.892863129669894,5.098319973294885,93440.0,0,0,0,0,0,0,0,0,0,6.529108502055138,0
311baa4d4229a8d6802d82a8d9935592bf9a7b6aaf0949f0fa0b094592f5e8a7.dll,Maze,332,7,1603741003,8450,268435456,5216,320,786944,3.8873122401168487,5.913380725680545,0.06116285224115448,112274.28571428571,2,95,0,0,1,0,0,0,3,6.343430599382961,0
a6bf25b3bfc2ab57ad8c1c7e130379a3a4dc0a97b6b3da04e27db79ed361e697.dll,Maze,332,5,1591127410,8450,268435456,18284,320,475136,6.22722293848242,7.992855762643178,4.7247289119983895,94822.4,1,71,0,0,1,0,0,0,3,7.8741810417747615,0
4e2554b448424859b508433e6c4a043718343febc7894a849f446dd197b47d1e.exe,Maze,332,3,1558722544,259,4194304,134992,34048,358962,6.481387309300168,7.965089873795565,5.2635777974982485,119296.0,13,160,0,1,1,1,1,0,0,6.577169978797986,0
6a22220c0fe5f578da11ce22945b63d93172b75452996defdc2ff48756bde6af.exe,Maze,332,5,1571578234,258,4194304,14438,33088,489472,5.9884438703099105,7.9918868647294365,4.216460050466727,97689.6,3,96,0,0,1,0,0,0,0,7.7657644169942435,0
ac457fc7c907ca04a4aa2e243d4b5120c58d338b44771c84e0d282d625d463a0.exe,Maze,332,3,1589482127,259,4194304,136112,34048,372224,6.470121589435987,7.96352399067456,5.246098926242072,123733.33333333333,14,165,0,1,1,1,1,0,0,6.5601862962950195,0
2c69536793ab6f3a38bd0ab79d70ad8fb271b975c8c707175246f11d5be22f8c.dll,Maze,332,5,1592589781,8450,268435456,18284,320,475136,6.229423646717814,7.992713651381658,4.7247289119983895,94822.4,1,71,0,0,1,0,0,0,3,7.874212183252197,0
f03172bd32ed16df6dda8e8146d24b073b864da59d669218fcc5e97835a5e956.exe,Maze,332,3,1572269364,259,4194304,137696,34048,373760,6.480818490228294,7.965817607211556,5.282725732075779,124245.33333333333,14,172,0,1,1,1,1,0,0,6.555211145381343,0
e8a091a84dd2ea7ee429135ff48e9f48f7787637ccb79f6c3eb42f34588bc684.exe,Maze,332,4,1558987402,258,4194304,40871,33088,484352,6.4004426272180215,7.99076243534491,4.764064694426879,120832.0,2,72,0,0,1,0,0,0,0,7.815727037183139,0
b8ebe5e063f15862850b7d5ceb2a5d2b14d899b36b98f7aff2d54873e4ba28b3.dll,Maze,332,4,1593810078,8450,5963776,136512,1344,385024,6.486451946314662,7.892797374394179,5.067755518459273,93440.0,0,0,0,0,0,0,0,0,0,6.483251086001326,0
4c051e7271b06cf26f59d2076be6e543595ae8599d7c62b55dbfbc438d6e4fe8.dll,Maze,332,5,1591127938,8450,268435456,18284,320,474624,6.22786831642471,7.992555111878002,4.7247289119983895,94720.0,1,71,0,0,1,0,0,0,3,7.873896586053101,0
d65fa9ed1220cfa12d22239ca62a4b5978bb613090fc1dcb0cccdf191151d125.exe,Maze,332,3,1558715702,259,4194304,134912,34048,359936,6.479888263375624,7.965116742851942,5.2628762137426355,119637.33333333333,13,160,0,1,1,1,1,0,0,6.5736019728577855,0
3885589a3c94d0475a6d994e4644e682f4cff93f8b4d65f37508ffe706861363.exe,Maze,332,4,1557723853,258,4194304,31277,33088,464384,6.445600129971146,7.989969265195394,4.704983123634553,115840.0,5,102,0,1,1,0,0,0,0,7.813122446493158,0
